﻿<?xml version="1.0" encoding="UTF-8" ?>
<!DOCTYPE struts PUBLIC
    "-//Apache Software Foundation//DTD Struts Configuration 2.1.7//EN"
    "http://struts.apache.org/dtds/struts-2.1.7.dtd">
<struts>

	<package name="user" namespace="/user" extends="struts-default">

		<action name="toUpdatePassword">
			<result>
				/WEB-INF/user/update_password.jsp
			</result>
		</action>

		<!-- 修改密码 -->
		<action name="updatePassword" class="com.lrmz.action.user.UpdatePasswordAction">
			<result name="ok">
				/WEB-INF/user/total.jsp
			</result>
			<result name="fail" type="redirectAction">
				toUpdatePassword
			</result>
		</action>

		<!-- 显示所有商品 -->
		<action name="findGoods" class="com.lrmz.action.goods.FindGoodsAction">
			<param name="pageSize">12</param>
			<result name="ok">
				/WEB-INF/user/findGoods1.jsp
 			</result>
		</action>

		<!-- 主页跳转l -->
 		<action name="toIndex" class="com.lrmz.action.goods.FindGoodsAction">
 			<param name="pageSize">6</param>
 			<result name="ok">
 				/WEB-INF/main/index.jsp
 			</result>	
 		</action>

		<!-- 登录进来之后 -->
 		<action name="login" class="com.lrmz.action.goods.FindGoodsAction">
 			<param name="pageSize">6</param>
 			<result name="ok">
 				/WEB-INF/main/index.jsp
 			</result>
 		</action>
 		
 		<!-- 退出之后 -->
 		<action name="logout" class="com.lrmz.action.goods.FindGoodsAction">
 			<param name="pageSize">6</param>
 			<result name="ok">
 				/WEB-INF/main/index.jsp
 			</result>
 		</action>

		<!-- 主页按品牌查找l -->
 		<action name="findgbrand" class="com.lrmz.action.goods.FindGbrandAction">
 			<param name="pageSize">12</param>
 			<result name="ok">
 				/WEB-INF/user/findGoods1.jsp
 			</result>
 		</action>

		<!-- 显示商品详情 -->
		<action name="toDetail" class="com.lrmz.action.goods.ToGoodsDetailAction">
			<result name="success">
				/WEB-INF/user/goods_detail.jsp
			</result>
		</action>

		<!-- 显示所有用户 -->
		<action name="findUser" class="com.lrmz.action.user.FindUserAction">
			<param name="pageSize">5</param>
			<result name="ok">
				/WEB-INF/admin/user_list.jsp
 			</result>
		</action>
		<action name="findUserById" class="com.lrmz.action.user.FindUserByIdAction">
			<result name="ok">
				/WEB-INF/admin/user_detail.jsp
 			</result>
		</action>
		<action name="deleteUser" class="com.lrmz.action.user.DeleteUserAction">
			<result name="ok" type="redirectAction">
				findUser
 			</result>
		</action>
		<action name="toUpdateUser" class="com.lrmz.action.user.ToUpdateUserAction">
			<result name="ok">
				/WEB-INF/user/user_update.jsp
 			</result>
		</action>

		<!-- 看了又看的商品 -->
		<action name="findLook">
			<result name="success">
				/WEB-INF/user/goods_detail.jsp
			</result>
		</action>

		<!-- 显示评论页面 -->
		<action name="toEvaluate" class="com.lrmz.action.cart.FindAllCartsAction">
			<result name="success">
				/WEB-INF/user/Evaluate.jsp
			</result>
		</action>
		<!-- 提交评论 -->
		<action name="addEvaluation" class="com.lrmz.action.evaluation.AddEvaluateAction">
			<result name="ok" type="redirectAction" >
				/WEB-INF/user/findGoods1.jsp
			</result>
		</action>
		<!-- 查询全部评论 -->
		<action name="findAllEvaluation" class="com.lrmz.action.evaluation.FindAllEvaluateAction">
			<result name="ok">
				/WEB-INF/user/goods_detail.jsp
			</result>
		
		</action>
		<!-- 按照品牌查找 -->
 		<action name="findGbrand" class="com.lrmz.action.goods.FindGbrandAction" >
 			<param name="pageSize">8</param>
 			<result name="ok" >
 				/WEB-INF/user/findGoods1.jsp
 			</result>
 		</action>
 		<!-- 按照分类查找 -->
 		<action name="findCname" class="com.lrmz.action.goods.FindCGoodAction" >
 			<param name="pageSize">8</param>
 			<result name="ok" >
 				/WEB-INF/user/findGoods1.jsp
 			</result>
 		</action>
		
	</package>

</struts>