﻿<?xml version="1.0" encoding="UTF-8" ?>
<!DOCTYPE struts PUBLIC
    "-//Apache Software Foundation//DTD Struts Configuration 2.1.7//EN"
    "http://struts.apache.org/dtds/struts-2.1.7.dtd">
 <struts>
 	<!-- 登录模块 -->
 	<package name="login" namespace="/user" extends="struts-default">
 		<!-- 
 			跳转到登录页面的Action
 			可以不写class，Struts将默认调用ActionSupport类
 			这个类中有方法execute，该方法返回值为success。
 		 -->
 		<!--登录Action  -->
 		<action name="toLogin">
			<result name="success">
				/WEB-INF/main/user_login.jsp
			</result>
		</action>
 		<action name="login" class="com.lrmz.action.user.UserLoginAction">
 			<result name="ok">
 				/WEB-INF/main/index.jsp
 			</result>
 			<result name="fail">
 				/WEB-INF/main/user_login.jsp
 			</result>
 		</action>

		<!-- 退出Actionl -->
 		<action name="logout" class="com.lrmz.action.user.UserExitAction">
 			<result name="ok">
 				/WEB-INF/main/index.jsp
 			</result>
 		</action>
 		
 	</package> 
</struts>