<?xml version="1.0" encoding="UTF-8" ?>
<!DOCTYPE struts PUBLIC
    "-//Apache Software Foundation//DTD Struts Configuration 2.1.7//EN"
    "http://struts.apache.org/dtds/struts-2.1.7.dtd">
<struts>
	<constant name="struts.i18n.encoding" value="UTF-8" />
	<package name="register" namespace="/user" extends="struts-default">
		<action name="toRegist">
			<result name="success">
				/WEB-INF/main/register.jsp
			</result>
		</action>
		<action name="register" class="com.lrmz.action.user.UserRegistAction">
			<result name="success">
				/WEB-INF/main/user_login.jsp
 			</result>
			<result name="input">
				/WEB-INF/main/register.jsp
 			</result>
		</action>
		<!-- 生成验证码Action -->
		<action name="createValidateCode" class="com.lrmz.action.CreateValidateCodeAction">
			<result name="success" type="stream">
				<param name="inputName">imageStream</param>
			</result>
		</action>
	</package>
</struts>